Crash Year,Crash Month,Crash Day,Time of Day,City or Township,Crash: Intersection,Crash: Hit-and-Run,Lighting Conditions,Highway Class,Highway Number,Speed Limit at Crash Site,Weather Conditions (2016+),Worst Injury in Crash,Traffic Control,Trafficway,Crash Type
2014,October,6,8:00 PM - 9:00 PM,Wayne County: Dearborn,Not intersection crash,Not hit-and-run,Dark unlighted,"County road, city street, or unknown",Local road or unknown,40,Uncoded & errors,Suspected serious injury (A),None,Not physically divided (two-way trafficway),Other / unknown
2014,January,20,11:00 AM - 12:00 noon,Wayne County: Detroit,Not intersection crash,Not hit-and-run,Daylight,"County road, city street, or unknown",Local road or unknown,35,Uncoded & errors,No injury (O),None,Not physically divided (two-way trafficway),Rear-end
2014,July,11,12:00 noon - 1:00 PM,Wayne County: Detroit,Intersection crash,Not hit-and-run,Daylight,"County road, city street, or unknown",Local road or unknown,35,Uncoded & errors,Possible injury (C),None,Not physically divided (two-way trafficway),Single motor vehicle
2014,August,13,11:00 PM - 12:00 midnight,Wayne County: Livonia,Not intersection crash,Not hit-and-run,Dark lighted,"County road, city street, or unknown",Local road or unknown,25,Uncoded & errors,Suspected minor injury (B),None,Not physically divided (two-way trafficway),Single motor vehicle
2014,March,7,8:00 PM - 9:00 PM,Wayne County: Detroit,Not intersection crash,Hit-and-run,Dark lighted,"County road, city street, or unknown",Local road or unknown,25,Uncoded & errors,Possible injury (C),None,Not physically divided (two-way trafficway),Other / unknown
2014,June,29,10:00 PM - 11:00 PM,Wayne County: Detroit,Not intersection crash,Not hit-and-run,Dark lighted,"County road, city street, or unknown",Local road or unknown,35,Uncoded & errors,Suspected serious injury (A),None,Not physically divided (two-way trafficway),Other / unknown
2014,October,25,11:00 AM - 12:00 noon,Wayne County: Detroit,Intersection crash,Hit-and-run,Daylight,"County road, city street, or unknown",Local road or unknown,25,Uncoded & errors,Possible injury (C),Stop sign,Not physically divided (two-way trafficway),Other / unknown
2014,October,11,8:00 AM - 9:00 AM,Wayne County: Livonia,Intersection crash,Not hit-and-run,Daylight,"County road, city street, or unknown",Local road or unknown,45,Uncoded & errors,Suspected serious injury (A),Signal,Not physically divided (two-way trafficway),Other / unknown
2014,September,8,11:00 AM - 12:00 noon,Wayne County: Northville,Not intersection crash,Not hit-and-run,Daylight,"County road, city street, or unknown",Local road or unknown,35,Uncoded & errors,Suspected minor injury (B),None,Not physically divided (two-way trafficway),Other / unknown
2014,September,7,12:00 noon - 1:00 PM,Wayne County: Detroit,Intersection crash,Not hit-and-run,Daylight,"County road, city street, or unknown",Local road or unknown,35,Uncoded & errors,Suspected minor injury (B),Signal,Not physically divided (two-way trafficway),Single motor vehicle
2014,October,24,9:00 AM - 10:00 AM,Wayne County: Westland,Not intersection crash,Not hit-and-run,Daylight,"County road, city street, or unknown",Local road or unknown,25,Uncoded & errors,Suspected minor injury (B),Signal,Not physically divided (two-way trafficway),Other / unknown
2014,January,11,12:00 midnight - 1:00 AM,Wayne County: Detroit,Intersection crash,Hit-and-run,Dark lighted,"County road, city street, or unknown",Local road or unknown,25,Uncoded & errors,Fatal injury (K),None,Not physically divided (two-way trafficway),Single motor vehicle
2014,May,20,3:00 PM - 4:00 PM,Wayne County: Detroit,Intersection crash,Not hit-and-run,Daylight,"County road, city street, or unknown",Local road or unknown,30,Uncoded & errors,Suspected serious injury (A),None,Not physically divided (two-way trafficway),Single motor vehicle
2014,December,6,1:00 PM - 2:00 PM,Wayne County: Detroit,Intersection crash,Not hit-and-run,Daylight,"County road, city street, or unknown",Local road or unknown,30,Uncoded & errors,Possible injury (C),None,Not physically divided (two-way trafficway),Single motor vehicle
2014,November,6,5:00 PM - 6:00 PM,Wayne County: Detroit,Not intersection crash,Not hit-and-run,Dark unlighted,"County road, city street, or unknown",Local road or unknown,30,Uncoded & errors,Suspected minor injury (B),None,Not physically divided (two-way trafficway),Single motor vehicle
2014,December,20,7:00 PM - 8:00 PM,Wayne County: Detroit,Intersection crash,Not hit-and-run,Dark unlighted,"County road, city street, or unknown",Local road or unknown,35,Uncoded & errors,Possible injury (C),Signal,Not physically divided (two-way trafficway),Other / unknown
2014,October,11,10:00 AM - 11:00 AM,Wayne County: Detroit,Intersection crash,Not hit-and-run,Daylight,Michigan route,M-5,25,Uncoded & errors,No injury (O),None,Not physically divided (two-way trafficway),Other / unknown
2014,December,17,6:00 PM - 7:00 PM,Wayne County: Detroit,Not intersection crash,Not hit-and-run,Dark lighted,Michigan route,M-3,35,Uncoded & errors,No injury (O),None,"Divided highway, median strip, without traffic barrier",Single motor vehicle
2014,October,10,10:00 PM - 11:00 PM,Wayne County: Detroit,Intersection crash,Hit-and-run,Dark lighted,"County road, city street, or unknown",Local road or unknown,25,Uncoded & errors,Fatal injury (K),Signal,Not physically divided (two-way trafficway),Single motor vehicle
2014,September,14,1:00 AM - 2:00 AM,Wayne County: Detroit,Intersection crash,Hit-and-run,Dark lighted,"County road, city street, or unknown",Local road or unknown,25,Uncoded & errors,Possible injury (C),Stop sign,Not physically divided (two-way trafficway),Other / unknown
2014,October,7,4:00 PM - 5:00 PM,Wayne County: Wyandotte,Intersection crash,Hit-and-run,Daylight,"County road, city street, or unknown",Local road or unknown,30,Uncoded & errors,Suspected minor injury (B),Signal,Not physically divided (two-way trafficway),Single motor vehicle
2014,October,1,4:00 PM - 5:00 PM,Wayne County: Taylor,Not intersection crash,Not hit-and-run,Daylight,"County road, city street, or unknown",Local road or unknown,45,Uncoded & errors,Suspected serious injury (A),None,Not physically divided (two-way trafficway),Other / unknown
2014,March,25,9:00 AM - 10:00 AM,Wayne County: Detroit,Intersection crash,Hit-and-run,Daylight,"County road, city street, or unknown",Local road or unknown,25,Uncoded & errors,Suspected minor injury (B),Stop sign,Not physically divided (two-way trafficway),Single motor vehicle
2014,November,21,2:00 PM - 3:00 PM,Wayne County: Detroit,Intersection crash,Hit-and-run,Daylight,"County road, city street, or unknown",Local road or unknown,25,Uncoded & errors,Possible injury (C),None,Not physically divided (two-way trafficway),Other / unknown
2014,May,18,1:00 PM - 2:00 PM,Wayne County: Northville,Intersection crash,Not hit-and-run,Daylight,"County road, city street, or unknown",Local road or unknown,35,Uncoded & errors,Suspected minor injury (B),Stop sign,Not physically divided (two-way trafficway),Other / unknown
2014,December,27,6:00 PM - 7:00 PM,Wayne County: Detroit,Not intersection crash,Hit-and-run,Dark unlighted,Michigan route,M-3,35,Uncoded & errors,Fatal injury (K),None,Not physically divided (two-way trafficway),Single motor vehicle
2014,October,31,7:00 PM - 8:00 PM,Wayne County: Wood Haven,Not intersection crash,Not hit-and-run,Dark lighted,"County road, city street, or unknown",Local road or unknown,45,Uncoded & errors,Suspected serious injury (A),None,Not physically divided (two-way trafficway),Single motor vehicle
2014,April,6,10:00 PM - 11:00 PM,Wayne County: Detroit,Intersection crash,Hit-and-run,Dark lighted,"County road, city street, or unknown",Local road or unknown,30,Uncoded & errors,Suspected minor injury (B),Signal,Not physically divided (two-way trafficway),Other / unknown
2014,April,28,3:00 PM - 4:00 PM,Wayne County: Hamtramck,Not intersection crash,Not hit-and-run,Daylight,"County road, city street, or unknown",Local road or unknown,25,Uncoded & errors,Possible injury (C),Stop sign,Not physically divided (two-way trafficway),Single motor vehicle
2014,October,28,4:00 AM - 5:00 AM,Wayne County: Westland,Not intersection crash,Hit-and-run,Dark unlighted,"County road, city street, or unknown",Local road or unknown,40,Uncoded & errors,Suspected minor injury (B),None,Not physically divided (two-way trafficway),Other / unknown
2014,December,1,11:00 PM - 12:00 midnight,Wayne County: Detroit,Not intersection crash,Hit-and-run,Dark lighted,Michigan route,M-3,45,Uncoded & errors,Fatal injury (K),Signal,Not physically divided (two-way trafficway),Single motor vehicle
2014,August,1,3:00 PM - 4:00 PM,Wayne County: Detroit,Intersection crash,Not hit-and-run,Daylight,"County road, city street, or unknown",Local road or unknown,25,Uncoded & errors,Possible injury (C),Signal,Not physically divided (two-way trafficway),Single motor vehicle
2014,October,21,4:00 PM - 5:00 PM,Wayne County: Detroit,Not intersection crash,Not hit-and-run,Daylight,"County road, city street, or unknown",Local road or unknown,25,Uncoded & errors,Possible injury (C),Signal,Not physically divided (two-way trafficway),Single motor vehicle
2014,November,17,9:00 AM - 10:00 AM,Wayne County: Detroit,Not intersection crash,Hit-and-run,Daylight,"County road, city street, or unknown",Local road or unknown,35,Uncoded & errors,No injury (O),None,Not physically divided (two-way trafficway),Single motor vehicle
2014,October,17,10:00 PM - 11:00 PM,Wayne County: Detroit,Not intersection crash,Hit-and-run,Dark lighted,"County road, city street, or unknown",Local road or unknown,35,Uncoded & errors,Possible injury (C),None,Not physically divided (two-way trafficway),Other / unknown
2014,November,7,4:00 PM - 5:00 PM,Wayne County: Wyandotte,Not intersection crash,Hit-and-run,Daylight,"County road, city street, or unknown",Local road or unknown,25,Uncoded & errors,Suspected minor injury (B),None,Not physically divided (two-way trafficway),Single motor vehicle
2014,September,19,8:00 AM - 9:00 AM,Wayne County: Detroit,Intersection crash,Not hit-and-run,Daylight,"County road, city street, or unknown",Local road or unknown,30,Uncoded & errors,Possible injury (C),None,Not physically divided (two-way trafficway),Single motor vehicle
2014,June,24,12:00 noon - 1:00 PM,Wayne County: Detroit,Not intersection crash,Not hit-and-run,Daylight,"County road, city street, or unknown",Local road or unknown,25,Uncoded & errors,Suspected minor injury (B),None,Not physically divided (two-way trafficway),Single motor vehicle
2014,December,3,8:00 PM - 9:00 PM,Wayne County: Plymouth Twp.,Intersection crash,Not hit-and-run,Dark lighted,"County road, city street, or unknown",Local road or unknown,35,Uncoded & errors,Fatal injury (K),Stop sign,Not physically divided (two-way trafficway),Single motor vehicle
2014,September,3,3:00 PM - 4:00 PM,Wayne County: Detroit,Intersection crash,Hit-and-run,Daylight,"County road, city street, or unknown",Local road or unknown,35,Uncoded & errors,Possible injury (C),None,Not physically divided (two-way trafficway),Single motor vehicle
2014,July,16,8:00 PM - 9:00 PM,Wayne County: Detroit,Intersection crash,Not hit-and-run,Daylight,"County road, city street, or unknown",Local road or unknown,35,Uncoded & errors,Suspected serious injury (A),Signal,Not physically divided (two-way trafficway),Sideswipe same direction
2014,January,15,7:00 AM - 8:00 AM,Wayne County: Detroit,Intersection crash,Hit-and-run,Daylight,"County road, city street, or unknown",Local road or unknown,30,Uncoded & errors,Possible injury (C),Signal,Not physically divided (two-way trafficway),Other / unknown
2014,May,5,2:00 PM - 3:00 PM,Wayne County: Detroit,Intersection crash,Hit-and-run,Daylight,"County road, city street, or unknown",Local road or unknown,25,Uncoded & errors,No injury (O),None,Not physically divided (two-way trafficway),Other / unknown
2014,October,25,1:00 PM - 2:00 PM,Wayne County: Hamtramck,Not intersection crash,Hit-and-run,Daylight,"County road, city street, or unknown",Local road or unknown,10,Uncoded & errors,Possible injury (C),None,Not physically divided (two-way trafficway),Single motor vehicle
2014,November,17,7:00 AM - 8:00 AM,Wayne County: Detroit,Intersection crash,Hit-and-run,Dark lighted,"County road, city street, or unknown",Local road or unknown,Uncoded & errors,Uncoded & errors,No injury (O),None,Not physically divided (two-way trafficway),Single motor vehicle
2014,December,27,8:00 PM - 9:00 PM,Wayne County: Canton Twp.,Intersection crash,Hit-and-run,Dark unlighted,"County road, city street, or unknown",Local road or unknown,25,Uncoded & errors,No injury (O),Stop sign,Not physically divided (two-way trafficway),Single motor vehicle
2014,May,2,3:00 PM - 4:00 PM,Wayne County: Trenton,Not intersection crash,Not hit-and-run,Daylight,"County road, city street, or unknown",Local road or unknown,25,Uncoded & errors,Suspected minor injury (B),None,Not physically divided (two-way trafficway),Single motor vehicle
2014,February,20,6:00 AM - 7:00 AM,Wayne County: Detroit,Intersection crash,Not hit-and-run,Daylight,"County road, city street, or unknown",Local road or unknown,25,Uncoded & errors,Possible injury (C),Signal,"Divided highway, median strip, without traffic barrier",Single motor vehicle
2014,November,17,6:00 PM - 7:00 PM,Wayne County: Detroit,Intersection crash,Hit-and-run,Dark lighted,Interstate route,M-94\I-94\I-94BL\I-94BR,35,Uncoded & errors,No injury (O),Signal,Not physically divided (two-way trafficway),Single motor vehicle
2014,May,30,7:00 AM - 8:00 AM,Wayne County: Detroit,Intersection crash,Not hit-and-run,Daylight,"County road, city street, or unknown",Local road or unknown,30,Uncoded & errors,Suspected minor injury (B),None,Not physically divided (two-way trafficway),Single motor vehicle
2014,October,31,8:00 PM - 9:00 PM,Wayne County: Detroit,Not intersection crash,Not hit-and-run,Dark lighted,Michigan route,M-1,25,Uncoded & errors,Possible injury (C),None,Not physically divided (two-way trafficway),Single motor vehicle
2014,December,21,7:00 PM - 8:00 PM,Wayne County: Detroit,Not intersection crash,Hit-and-run,Dark unlighted,"County road, city street, or unknown",Local road or unknown,30,Uncoded & errors,Possible injury (C),Signal,Not physically divided (two-way trafficway),Other / unknown
2014,July,24,1:00 PM - 2:00 PM,Wayne County: Detroit,Intersection crash,Hit-and-run,Daylight,"County road, city street, or unknown",Local road or unknown,25,Uncoded & errors,No injury (O),None,Not physically divided (two-way trafficway),Single motor vehicle
2014,July,21,12:00 midnight - 1:00 AM,Wayne County: Hamtramck,Not intersection crash,Hit-and-run,Daylight,"County road, city street, or unknown",Local road or unknown,25,Uncoded & errors,Suspected serious injury (A),None,Not physically divided (two-way trafficway),Other / unknown
2014,January,28,9:00 AM - 10:00 AM,Wayne County: Dearborn,Intersection crash,Not hit-and-run,Daylight,"County road, city street, or unknown",Local road or unknown,35,Uncoded & errors,Possible injury (C),Signal,Not physically divided (two-way trafficway),Other / unknown
2014,February,16,8:00 PM - 9:00 PM,Wayne County: Detroit,Intersection crash,Hit-and-run,Dark lighted,"County road, city street, or unknown",Local road or unknown,35,Uncoded & errors,Suspected serious injury (A),None,Not physically divided (two-way trafficway),Single motor vehicle
2014,July,3,5:00 PM - 6:00 PM,Wayne County: Hamtramck,Intersection crash,Hit-and-run,Daylight,"County road, city street, or unknown",Local road or unknown,10,Uncoded & errors,Possible injury (C),None,One-way trafficway,Single motor vehicle
2014,January,13,3:00 PM - 4:00 PM,Wayne County: Dearborn,Not intersection crash,Not hit-and-run,Daylight,U.S. route,M-24\US-24\US-24BR,45,Uncoded & errors,Suspected serious injury (A),Signal,"Divided highway, median strip, without traffic barrier",Single motor vehicle
2014,October,29,11:00 AM - 12:00 noon,Wayne County: Sumpter Twp.,Not intersection crash,Hit-and-run,Daylight,"County road, city street, or unknown",Local road or unknown,45,Uncoded & errors,Suspected minor injury (B),None,Not physically divided (two-way trafficway),Single motor vehicle
2014,October,12,9:00 PM - 10:00 PM,Wayne County: Detroit,Not intersection crash,Not hit-and-run,Dark unlighted,"County road, city street, or unknown",Local road or unknown,30,Uncoded & errors,Fatal injury (K),Signal,Not physically divided (two-way trafficway),Single motor vehicle
2014,February,26,10:00 AM - 11:00 AM,Wayne County: Van Buren Twp.,Not intersection crash,Not hit-and-run,Daylight,"County road, city street, or unknown",Local road or unknown,15,Uncoded & errors,Suspected minor injury (B),None,Not physically divided (two-way trafficway),Other / unknown
2014,June,9,5:00 PM - 6:00 PM,Wayne County: Detroit,Intersection crash,Hit-and-run,Daylight,"County road, city street, or unknown",Local road or unknown,25,Uncoded & errors,Possible injury (C),None,Not physically divided (two-way trafficway),Other / unknown
2014,January,11,7:00 PM - 8:00 PM,Wayne County: Detroit,Intersection crash,Not hit-and-run,Dark lighted,Michigan route,M-5,35,Uncoded & errors,No injury (O),Signal,"Divided highway, median strip, without traffic barrier",Other / unknown
2014,September,17,2:00 PM - 3:00 PM,Wayne County: Detroit,Intersection crash,Hit-and-run,Daylight,"County road, city street, or unknown",Local road or unknown,25,Uncoded & errors,Suspected minor injury (B),Yield sign,Not physically divided (two-way trafficway),Single motor vehicle
2014,May,30,12:00 midnight - 1:00 AM,Wayne County: Detroit,Not intersection crash,Hit-and-run,Dark lighted,"County road, city street, or unknown",Local road or unknown,25,Uncoded & errors,Suspected minor injury (B),None,Not physically divided (two-way trafficway),Other / unknown
2014,June,15,12:00 midnight - 1:00 AM,Wayne County: Detroit,Intersection crash,Not hit-and-run,Dark unlighted,"County road, city street, or unknown",Local road or unknown,25,Uncoded & errors,No injury (O),Signal,Not physically divided (two-way trafficway),Single motor vehicle
2014,August,30,9:00 PM - 10:00 PM,Wayne County: Detroit,Not intersection crash,Hit-and-run,Dark lighted,U.S. route,M-12\US-12\US-12BL\US-12BR,35,Uncoded & errors,Suspected minor injury (B),None,Not physically divided (two-way trafficway),Single motor vehicle
2014,April,16,5:00 PM - 6:00 PM,Wayne County: Detroit,Intersection crash,Not hit-and-run,Dawn,Michigan route,M-96\I-96\I-96BS,30,Uncoded & errors,Possible injury (C),Stop sign,Not physically divided (two-way trafficway),Single motor vehicle
2014,June,20,10:00 PM - 11:00 PM,Wayne County: Allen Park,Not intersection crash,Hit-and-run,Dark lighted,"County road, city street, or unknown",Local road or unknown,35,Uncoded & errors,No injury (O),None,"Divided highway, median strip, without traffic barrier",Single motor vehicle
2014,December,11,9:00 AM - 10:00 AM,Wayne County: Detroit,Intersection crash,Not hit-and-run,Daylight,"County road, city street, or unknown",Local road or unknown,30,Uncoded & errors,Possible injury (C),Signal,Not physically divided (two-way trafficway),Single motor vehicle
2014,April,7,8:00 PM - 9:00 PM,Wayne County: Detroit,Not intersection crash,Hit-and-run,Dark unlighted,Michigan route,M-97,30,Uncoded & errors,Suspected minor injury (B),None,Not physically divided (two-way trafficway),Other / unknown
2014,October,17,11:00 PM - 12:00 midnight,Wayne County: Detroit,Not intersection crash,Hit-and-run,Dark lighted,"County road, city street, or unknown",Local road or unknown,35,Uncoded & errors,Possible injury (C),None,Not physically divided (two-way trafficway),Single motor vehicle
2014,October,21,9:00 PM - 10:00 PM,Wayne County: Detroit,Intersection crash,Not hit-and-run,Dark lighted,"County road, city street, or unknown",Local road or unknown,35,Uncoded & errors,Possible injury (C),None,"Divided highway, median strip, without traffic barrier",Single motor vehicle
2014,October,4,10:00 PM - 11:00 PM,Wayne County: Detroit,Intersection crash,Not hit-and-run,Dark lighted,"County road, city street, or unknown",Local road or unknown,25,Uncoded & errors,No injury (O),Signal,One-way trafficway,Other / unknown
2014,December,21,6:00 PM - 7:00 PM,Wayne County: Detroit,Intersection crash,Hit-and-run,Dark lighted,"County road, city street, or unknown",Local road or unknown,25,Uncoded & errors,Suspected minor injury (B),None,Not physically divided (two-way trafficway),Single motor vehicle
2014,February,7,2:00 AM - 3:00 AM,Wayne County: Detroit,Not intersection crash,Hit-and-run,Dark lighted,"County road, city street, or unknown",Local road or unknown,25,Uncoded & errors,Fatal injury (K),None,Not physically divided (two-way trafficway),Single motor vehicle
2014,March,14,10:00 PM - 11:00 PM,Wayne County: Detroit,Not intersection crash,Not hit-and-run,Dark lighted,"County road, city street, or unknown",Local road or unknown,35,Uncoded & errors,Suspected minor injury (B),None,Not physically divided (two-way trafficway),Other / unknown
2014,June,18,5:00 PM - 6:00 PM,Wayne County: Detroit,Intersection crash,Not hit-and-run,Daylight,"County road, city street, or unknown",Local road or unknown,35,Uncoded & errors,Suspected minor injury (B),Signal,Not physically divided (two-way trafficway),Other / unknown
2014,September,10,12:00 noon - 1:00 PM,Wayne County: Detroit,Not intersection crash,Not hit-and-run,Daylight,"County road, city street, or unknown",Local road or unknown,35,Uncoded & errors,Suspected minor injury (B),None,Not physically divided (two-way trafficway),Single motor vehicle
2014,May,15,8:00 AM - 9:00 AM,Wayne County: Detroit,Intersection crash,Hit-and-run,Daylight,Michigan route,M-102\US-102,40,Uncoded & errors,Suspected serious injury (A),Signal,"Divided highway, median strip, without traffic barrier",Single motor vehicle
2014,May,20,6:00 PM - 7:00 PM,Wayne County: Detroit,Not intersection crash,Not hit-and-run,Daylight,"County road, city street, or unknown",Local road or unknown,25,Uncoded & errors,Suspected minor injury (B),None,Not physically divided (two-way trafficway),Single motor vehicle
2014,March,31,9:00 PM - 10:00 PM,Wayne County: Detroit,Intersection crash,Hit-and-run,Dawn,"County road, city street, or unknown",Local road or unknown,30,Uncoded & errors,Suspected minor injury (B),Signal,Not physically divided (two-way trafficway),Single motor vehicle
2014,April,4,2:00 PM - 3:00 PM,Wayne County: Detroit,Not intersection crash,Not hit-and-run,Daylight,"County road, city street, or unknown",Local road or unknown,35,Uncoded & errors,Possible injury (C),None,Not physically divided (two-way trafficway),Single motor vehicle
2014,November,19,4:00 PM - 5:00 PM,Wayne County: Highland Park,Intersection crash,Not hit-and-run,Daylight,Michigan route,M-1,30,Uncoded & errors,Suspected minor injury (B),Signal,Not physically divided (two-way trafficway),Single motor vehicle
2014,August,2,2:00 PM - 3:00 PM,Wayne County: Detroit,Not intersection crash,Not hit-and-run,Daylight,"County road, city street, or unknown",Local road or unknown,25,Uncoded & errors,No injury (O),None,Not physically divided (two-way trafficway),Other / unknown
2014,May,13,3:00 PM - 4:00 PM,Wayne County: Hamtramck,Not intersection crash,Not hit-and-run,Daylight,"County road, city street, or unknown",Local road or unknown,25,Uncoded & errors,Possible injury (C),None,Not physically divided (two-way trafficway),Single motor vehicle
2014,March,11,1:00 PM - 2:00 PM,Wayne County: Detroit,Not intersection crash,Hit-and-run,Daylight,"County road, city street, or unknown",Local road or unknown,25,Uncoded & errors,Possible injury (C),None,Not physically divided (two-way trafficway),Single motor vehicle
2014,July,10,9:00 PM - 10:00 PM,Wayne County: Detroit,Not intersection crash,Not hit-and-run,Dark unlighted,"County road, city street, or unknown",Local road or unknown,25,Uncoded & errors,Suspected serious injury (A),None,Not physically divided (two-way trafficway),Other / unknown
2014,May,4,2:00 PM - 3:00 PM,Wayne County: Detroit,Intersection crash,Not hit-and-run,Daylight,"County road, city street, or unknown",Local road or unknown,35,Uncoded & errors,Possible injury (C),None,Not physically divided (two-way trafficway),Other / unknown
2014,October,31,4:00 AM - 5:00 AM,Wayne County: Detroit,Not intersection crash,Hit-and-run,Dark lighted,"County road, city street, or unknown",Local road or unknown,25,Uncoded & errors,Suspected serious injury (A),Signal,Not physically divided (two-way trafficway),Other / unknown
2014,June,29,2:00 PM - 3:00 PM,Wayne County: Detroit,Not intersection crash,Not hit-and-run,Daylight,"County road, city street, or unknown",Local road or unknown,25,Uncoded & errors,Possible injury (C),None,Not physically divided (two-way trafficway),Other / unknown
2014,December,14,2:00 AM - 3:00 AM,Wayne County: Detroit,Intersection crash,Not hit-and-run,Daylight,"County road, city street, or unknown",Local road or unknown,30,Uncoded & errors,No injury (O),Signal,Not physically divided (two-way trafficway),Head-on
2014,May,27,2:00 PM - 3:00 PM,Wayne County: Detroit,Not intersection crash,Hit-and-run,Daylight,"County road, city street, or unknown",Local road or unknown,25,Uncoded & errors,Possible injury (C),None,Not physically divided (two-way trafficway),Other / unknown
2014,October,31,1:00 PM - 2:00 PM,Wayne County: Detroit,Not intersection crash,Not hit-and-run,Daylight,"County road, city street, or unknown",Local road or unknown,30,Uncoded & errors,Possible injury (C),None,"Divided highway, median strip, without traffic barrier",Single motor vehicle
2014,December,24,2:00 PM - 3:00 PM,Wayne County: Detroit,Intersection crash,Hit-and-run,Daylight,Michigan route,M-102\US-102,25,Uncoded & errors,No injury (O),Stop sign,Not physically divided (two-way trafficway),Single motor vehicle
2014,April,9,7:00 AM - 8:00 AM,Wayne County: Detroit,Not intersection crash,Not hit-and-run,Daylight,"County road, city street, or unknown",Local road or unknown,25,Uncoded & errors,Possible injury (C),None,Not physically divided (two-way trafficway),Single motor vehicle
2014,February,22,7:00 PM - 8:00 PM,Wayne County: Detroit,Not intersection crash,Not hit-and-run,Dark lighted,Michigan route,M-1,30,Uncoded & errors,No injury (O),None,Not physically divided (two-way trafficway),Single motor vehicle
2014,February,3,9:00 PM - 10:00 PM,Wayne County: Detroit,Not intersection crash,Hit-and-run,Dark lighted,"County road, city street, or unknown",Local road or unknown,30,Uncoded & errors,Possible injury (C),None,Not physically divided (two-way trafficway),Other / unknown
2014,September,8,8:00 PM - 9:00 PM,Wayne County: Detroit,Intersection crash,Not hit-and-run,Dark lighted,Michigan route,M-3,35,Uncoded & errors,Possible injury (C),None,Not physically divided (two-way trafficway),Other / unknown
2014,May,11,6:00 PM - 7:00 PM,Wayne County: Dearborn Heights,Not intersection crash,Not hit-and-run,Daylight,"County road, city street, or unknown",Local road or unknown,25,Uncoded & errors,Suspected minor injury (B),None,Not physically divided (two-way trafficway),Other / unknown
2014,December,18,5:00 PM - 6:00 PM,Wayne County: Detroit,Intersection crash,Hit-and-run,Dark lighted,"County road, city street, or unknown",Local road or unknown,40,Uncoded & errors,Possible injury (C),Signal,Not physically divided (two-way trafficway),Single motor vehicle
2014,October,18,1:00 PM - 2:00 PM,Wayne County: Detroit,Not intersection crash,Not hit-and-run,Daylight,"County road, city street, or unknown",Local road or unknown,35,Uncoded & errors,Suspected minor injury (B),None,Not physically divided (two-way trafficway),Other / unknown