Crash Year,Crash Month,Crash Day,Time of Day,City or Township,Crash: Intersection,Crash: Hit-and-Run,Lighting Conditions,Highway Class,Highway Number,Speed Limit at Crash Site,Weather Conditions (2016+),Worst Injury in Crash,Traffic Control,Trafficway,Crash Type
2014,November,7,7:00 PM - 8:00 PM,Wayne County: Highland Park,Not intersection crash,Not hit-and-run,Dark unlighted,"County road, city street, or unknown",Local road or unknown,35,Uncoded & errors,Suspected serious injury (A),None,One-way trafficway,Single motor vehicle
2014,January,31,7:00 AM - 8:00 AM,Wayne County: Detroit,Not intersection crash,Not hit-and-run,Dark unlighted,Michigan route,M-3,35,Uncoded & errors,Suspected minor injury (B),None,Not physically divided (two-way trafficway),Single motor vehicle
2014,February,13,11:00 PM - 12:00 midnight,Wayne County: Detroit,Intersection crash,Not hit-and-run,Dark lighted,Michigan route,M-1,30,Uncoded & errors,Fatal injury (K),Signal,Not physically divided (two-way trafficway),Single motor vehicle
2014,August,14,11:00 AM - 12:00 noon,Wayne County: Detroit,Intersection crash,Not hit-and-run,Daylight,"County road, city street, or unknown",Local road or unknown,30,Uncoded & errors,Suspected minor injury (B),None,Not physically divided (two-way trafficway),Single motor vehicle
2014,July,25,7:00 PM - 8:00 PM,Wayne County: Detroit,Not intersection crash,Not hit-and-run,Daylight,"County road, city street, or unknown",Local road or unknown,25,Uncoded & errors,Possible injury (C),None,Not physically divided (two-way trafficway),Single motor vehicle
2014,August,15,9:00 AM - 10:00 AM,Wayne County: Detroit,Intersection crash,Not hit-and-run,Daylight,"County road, city street, or unknown",Local road or unknown,25,Uncoded & errors,Possible injury (C),Stop sign,Not physically divided (two-way trafficway),Single motor vehicle
2014,January,10,2:00 PM - 3:00 PM,Wayne County: Detroit,Not intersection crash,Hit-and-run,Daylight,"County road, city street, or unknown",Local road or unknown,25,Uncoded & errors,Possible injury (C),None,Not physically divided (two-way trafficway),Single motor vehicle
2014,August,1,5:00 AM - 6:00 AM,Wayne County: Dearborn Heights,Not intersection crash,Hit-and-run,Other / unknown,"County road, city street, or unknown",Local road or unknown,25,Uncoded & errors,Possible injury (C),Stop sign,Not physically divided (two-way trafficway),Single motor vehicle
2014,August,15,5:00 PM - 6:00 PM,Wayne County: Dearborn,Not intersection crash,Not hit-and-run,Daylight,U.S. route,M-12\US-12\US-12BL\US-12BR,25,Uncoded & errors,Suspected minor injury (B),Signal,Not physically divided (two-way trafficway),Single motor vehicle
2014,March,21,1:00 PM - 2:00 PM,Wayne County: Detroit,Not intersection crash,Not hit-and-run,Daylight,"County road, city street, or unknown",Local road or unknown,25,Uncoded & errors,Possible injury (C),None,Not physically divided (two-way trafficway),Other / unknown
2014,July,24,10:00 PM - 11:00 PM,Wayne County: Romulus,Not intersection crash,Not hit-and-run,Dark unlighted,"County road, city street, or unknown",Local road or unknown,45,Uncoded & errors,Suspected minor injury (B),None,Not physically divided (two-way trafficway),Single motor vehicle
2014,December,24,6:00 PM - 7:00 PM,Wayne County: Dearborn,Not intersection crash,Not hit-and-run,Dark lighted,"County road, city street, or unknown",Local road or unknown,35,Uncoded & errors,Possible injury (C),None,Not physically divided (two-way trafficway),Single motor vehicle
2014,July,2,6:00 PM - 7:00 PM,Wayne County: Highland Park,Intersection crash,Not hit-and-run,Daylight,"County road, city street, or unknown",Local road or unknown,25,Uncoded & errors,Suspected serious injury (A),None,Not physically divided (two-way trafficway),Single motor vehicle
2014,November,22,3:00 PM - 4:00 PM,Wayne County: Detroit,Intersection crash,Hit-and-run,Daylight,"County road, city street, or unknown",Local road or unknown,35,Uncoded & errors,No injury (O),Signal,"Divided highway, median strip, without traffic barrier",Other / unknown
2014,January,26,2:00 AM - 3:00 AM,Wayne County: Detroit,Intersection crash,Hit-and-run,Dark lighted,"County road, city street, or unknown",Local road or unknown,30,Uncoded & errors,Possible injury (C),Signal,Not physically divided (two-way trafficway),Single motor vehicle
2014,September,22,6:00 PM - 7:00 PM,Wayne County: Detroit,Not intersection crash,Hit-and-run,Daylight,"County road, city street, or unknown",Local road or unknown,30,Uncoded & errors,Possible injury (C),Signal,Not physically divided (two-way trafficway),Single motor vehicle
2014,May,17,11:00 PM - 12:00 midnight,Wayne County: Detroit,Intersection crash,Hit-and-run,Dark unlighted,"County road, city street, or unknown",Local road or unknown,35,Uncoded & errors,Fatal injury (K),Signal,Not physically divided (two-way trafficway),Single motor vehicle
2014,July,15,5:00 AM - 6:00 AM,Wayne County: Detroit,Not intersection crash,Not hit-and-run,Dark unlighted,"County road, city street, or unknown",Local road or unknown,30,Uncoded & errors,Fatal injury (K),Signal,Not physically divided (two-way trafficway),Single motor vehicle
2014,June,23,4:00 PM - 5:00 PM,Wayne County: Dearborn,Intersection crash,Not hit-and-run,Daylight,"County road, city street, or unknown",Local road or unknown,35,Uncoded & errors,Possible injury (C),Signal,Not physically divided (two-way trafficway),Single motor vehicle
2014,November,23,10:00 PM - 11:00 PM,Wayne County: Detroit,Not intersection crash,Hit-and-run,Dark lighted,"County road, city street, or unknown",Local road or unknown,30,Uncoded & errors,Possible injury (C),None,Not physically divided (two-way trafficway),Single motor vehicle
2014,July,31,9:00 PM - 10:00 PM,Wayne County: Detroit,Not intersection crash,Hit-and-run,Dawn,"County road, city street, or unknown",Local road or unknown,Uncoded & errors,Uncoded & errors,No injury (O),None,Not physically divided (two-way trafficway),Other / unknown
2014,November,23,2:00 PM - 3:00 PM,Wayne County: Detroit,Not intersection crash,Hit-and-run,Daylight,"County road, city street, or unknown",Local road or unknown,35,Uncoded & errors,Possible injury (C),None,Not physically divided (two-way trafficway),Other / unknown
2014,November,20,4:00 PM - 5:00 PM,Wayne County: Detroit,Intersection crash,Hit-and-run,Daylight,Michigan route,M-3,35,Uncoded & errors,Suspected minor injury (B),Signal,Not physically divided (two-way trafficway),Single motor vehicle
2014,June,6,4:00 PM - 5:00 PM,Wayne County: Inkster,Not intersection crash,Not hit-and-run,Daylight,U.S. route,M-12\US-12\US-12BL\US-12BR,40,Uncoded & errors,Possible injury (C),None,Uncoded & errors,Single motor vehicle
2014,December,21,9:00 PM - 10:00 PM,Wayne County: Detroit,Not intersection crash,Not hit-and-run,Dark lighted,Michigan route,M-102\US-102,40,Uncoded & errors,Possible injury (C),None,"Divided highway, median strip, without traffic barrier",Single motor vehicle
2014,June,18,10:00 PM - 11:00 PM,Wayne County: Lincoln Park,Not intersection crash,Not hit-and-run,Dark lighted,"County road, city street, or unknown",Local road or unknown,35,Uncoded & errors,Possible injury (C),None,Not physically divided (two-way trafficway),Single motor vehicle
2014,May,13,1:00 PM - 2:00 PM,Wayne County: Plymouth Twp.,Not intersection crash,Not hit-and-run,Daylight,Michigan route,M-14\M-14old,45,Uncoded & errors,Suspected serious injury (A),None,"Divided highway, median strip, with traffic barrier",Other / unknown
2014,August,12,1:00 PM - 2:00 PM,Wayne County: Detroit,Not intersection crash,Not hit-and-run,Daylight,"County road, city street, or unknown",Local road or unknown,30,Uncoded & errors,Suspected minor injury (B),None,Not physically divided (two-way trafficway),Single motor vehicle
2014,September,27,2:00 AM - 3:00 AM,Wayne County: Detroit,Intersection crash,Hit-and-run,Dusk,"County road, city street, or unknown",Local road or unknown,35,Uncoded & errors,Possible injury (C),None,Not physically divided (two-way trafficway),Other / unknown
2014,March,25,5:00 PM - 6:00 PM,Wayne County: Detroit,Intersection crash,Hit-and-run,Daylight,"County road, city street, or unknown",Local road or unknown,25,Uncoded & errors,Suspected minor injury (B),Stop sign,One-way trafficway,Single motor vehicle
2014,June,30,7:00 AM - 8:00 AM,Wayne County: Detroit,Not intersection crash,Not hit-and-run,Daylight,"County road, city street, or unknown",Local road or unknown,35,Uncoded & errors,Fatal injury (K),None,"Divided highway, median strip, without traffic barrier",Rear-end
2014,April,18,11:00 PM - 12:00 midnight,Wayne County: Detroit,Not intersection crash,Not hit-and-run,Dark lighted,Michigan route,M-1,30,Uncoded & errors,Suspected minor injury (B),None,Not physically divided (two-way trafficway),Single motor vehicle
2014,February,6,3:00 PM - 4:00 PM,Wayne County: Detroit,Not intersection crash,Hit-and-run,Daylight,"County road, city street, or unknown",Local road or unknown,30,Uncoded & errors,Possible injury (C),Signal,Not physically divided (two-way trafficway),Other / unknown
2014,December,22,10:00 PM - 11:00 PM,Wayne County: Detroit,Intersection crash,Not hit-and-run,Dark unlighted,Michigan route,M-5,35,Uncoded & errors,Possible injury (C),Signal,Not physically divided (two-way trafficway),Single motor vehicle
2014,August,29,1:00 PM - 2:00 PM,Wayne County: Detroit,Not intersection crash,Hit-and-run,Daylight,"County road, city street, or unknown",Local road or unknown,30,Uncoded & errors,Possible injury (C),None,Not physically divided (two-way trafficway),Single motor vehicle
2014,December,9,12:00 midnight - 1:00 AM,Wayne County: Detroit,Not intersection crash,Hit-and-run,Dark unlighted,"County road, city street, or unknown",Local road or unknown,30,Uncoded & errors,Possible injury (C),None,Not physically divided (two-way trafficway),Other / unknown
2014,September,10,1:00 PM - 2:00 PM,Wayne County: Detroit,Intersection crash,Hit-and-run,Daylight,U.S. route,M-24\US-24\US-24BR,45,Uncoded & errors,Possible injury (C),Signal,One-way trafficway,Single motor vehicle
2014,September,7,5:00 PM - 6:00 PM,Wayne County: Detroit,Not intersection crash,Not hit-and-run,Daylight,"County road, city street, or unknown",Local road or unknown,25,Uncoded & errors,Possible injury (C),None,Not physically divided (two-way trafficway),Single motor vehicle
2014,October,15,3:00 PM - 4:00 PM,Wayne County: Trenton,Not intersection crash,Not hit-and-run,Daylight,"County road, city street, or unknown",Local road or unknown,35,Uncoded & errors,Suspected minor injury (B),Signal,Not physically divided (two-way trafficway),Single motor vehicle
2014,September,26,8:00 PM - 9:00 PM,Wayne County: Detroit,Not intersection crash,Not hit-and-run,Dark unlighted,"County road, city street, or unknown",Local road or unknown,30,Uncoded & errors,Possible injury (C),None,Not physically divided (two-way trafficway),Other / unknown
2014,May,18,6:00 PM - 7:00 PM,Wayne County: Hamtramck,Not intersection crash,Not hit-and-run,Daylight,"County road, city street, or unknown",Local road or unknown,20,Uncoded & errors,Suspected minor injury (B),None,Not physically divided (two-way trafficway),Single motor vehicle
2014,May,9,7:00 PM - 8:00 PM,Wayne County: Detroit,Not intersection crash,Hit-and-run,Daylight,"County road, city street, or unknown",Local road or unknown,25,Uncoded & errors,Suspected serious injury (A),None,Not physically divided (two-way trafficway),Single motor vehicle
2014,July,31,1:00 PM - 2:00 PM,Wayne County: Detroit,Not intersection crash,Hit-and-run,Daylight,"County road, city street, or unknown",Local road or unknown,25,Uncoded & errors,No injury (O),None,Not physically divided (two-way trafficway),Single motor vehicle
2014,January,30,4:00 PM - 5:00 PM,Wayne County: Detroit,Not intersection crash,Not hit-and-run,Daylight,"County road, city street, or unknown",Local road or unknown,30,Uncoded & errors,Possible injury (C),None,Not physically divided (two-way trafficway),Other / unknown
2014,April,25,10:00 PM - 11:00 PM,Wayne County: Westland,Not intersection crash,Not hit-and-run,Dark lighted,Michigan route,M-153,40,Uncoded & errors,Suspected minor injury (B),Signal,Not physically divided (two-way trafficway),Single motor vehicle
2014,October,9,5:00 PM - 6:00 PM,Wayne County: Detroit,Intersection crash,Not hit-and-run,Daylight,Michigan route,M-8\US-8,35,Uncoded & errors,No injury (O),None,"Divided highway, median strip, without traffic barrier",Other / unknown
2014,October,23,8:00 PM - 9:00 PM,Wayne County: Sumpter Twp.,Not intersection crash,Not hit-and-run,Dark unlighted,"County road, city street, or unknown",Local road or unknown,50,Uncoded & errors,Suspected serious injury (A),None,Not physically divided (two-way trafficway),Single motor vehicle
2014,December,13,11:00 PM - 12:00 midnight,Wayne County: Detroit,Not intersection crash,Hit-and-run,Dark lighted,"County road, city street, or unknown",Local road or unknown,25,Uncoded & errors,Possible injury (C),None,Not physically divided (two-way trafficway),Single motor vehicle
2014,January,6,12:00 noon - 1:00 PM,Wayne County: Detroit,Not intersection crash,Not hit-and-run,Daylight,"County road, city street, or unknown",Local road or unknown,25,Uncoded & errors,Possible injury (C),None,Not physically divided (two-way trafficway),Other / unknown
2014,August,10,12:00 noon - 1:00 PM,Wayne County: Detroit,Intersection crash,Not hit-and-run,Daylight,"County road, city street, or unknown",Local road or unknown,25,Uncoded & errors,Suspected minor injury (B),None,Not physically divided (two-way trafficway),Single motor vehicle
2014,October,27,8:00 PM - 9:00 PM,Wayne County: Detroit,Not intersection crash,Not hit-and-run,Dark unlighted,"County road, city street, or unknown",Local road or unknown,35,Uncoded & errors,Suspected minor injury (B),Signal,Not physically divided (two-way trafficway),Single motor vehicle
2014,March,21,9:00 PM - 10:00 PM,Wayne County: Detroit,Not intersection crash,Hit-and-run,Dark lighted,"County road, city street, or unknown",Local road or unknown,30,Uncoded & errors,No injury (O),None,One-way trafficway,Single motor vehicle
2014,December,24,2:00 PM - 3:00 PM,Wayne County: Detroit,Intersection crash,Not hit-and-run,Daylight,"County road, city street, or unknown",Local road or unknown,30,Uncoded & errors,Suspected minor injury (B),Signal,Not physically divided (two-way trafficway),Single motor vehicle
2014,September,3,2:00 PM - 3:00 PM,Wayne County: Westland,Intersection crash,Not hit-and-run,Daylight,"County road, city street, or unknown",Local road or unknown,45,Uncoded & errors,Suspected serious injury (A),None,Not physically divided (two-way trafficway),Other / unknown
2014,January,31,9:00 PM - 10:00 PM,Wayne County: Canton Twp.,Not intersection crash,Not hit-and-run,Dark unlighted,"County road, city street, or unknown",Local road or unknown,45,Uncoded & errors,Fatal injury (K),None,Not physically divided (two-way trafficway),Single motor vehicle
2014,May,24,1:00 AM - 2:00 AM,Wayne County: Detroit,Not intersection crash,Hit-and-run,Dark unlighted,"County road, city street, or unknown",Local road or unknown,35,Uncoded & errors,Fatal injury (K),None,Not physically divided (two-way trafficway),Single motor vehicle
2014,September,8,4:00 AM - 5:00 AM,Wayne County: Detroit,Intersection crash,Hit-and-run,Dark lighted,Michigan route,M-96\I-96\I-96BS,35,Uncoded & errors,Suspected minor injury (B),Signal,Not physically divided (two-way trafficway),Single motor vehicle
2014,January,31,11:00 PM - 12:00 midnight,Wayne County: Southgate,Not intersection crash,Hit-and-run,Dark lighted,"County road, city street, or unknown",Local road or unknown,40,Uncoded & errors,Fatal injury (K),Signal,Not physically divided (two-way trafficway),Single motor vehicle
2014,October,18,7:00 AM - 8:00 AM,Wayne County: Southgate,Intersection crash,Not hit-and-run,Dark lighted,"County road, city street, or unknown",Local road or unknown,40,Uncoded & errors,Possible injury (C),Signal,Not physically divided (two-way trafficway),Single motor vehicle
2014,September,29,7:00 PM - 8:00 PM,Wayne County: Plymouth,Not intersection crash,Not hit-and-run,Daylight,"County road, city street, or unknown",Local road or unknown,25,Uncoded & errors,Possible injury (C),None,Not physically divided (two-way trafficway),Single motor vehicle
2014,November,11,7:00 PM - 8:00 PM,Wayne County: Detroit,Not intersection crash,Not hit-and-run,Dark lighted,"County road, city street, or unknown",Local road or unknown,30,Uncoded & errors,Possible injury (C),None,Not physically divided (two-way trafficway),Other / unknown
2014,January,20,5:00 AM - 6:00 AM,Wayne County: Melvindale,Intersection crash,Not hit-and-run,Dark lighted,"County road, city street, or unknown",Local road or unknown,30,Uncoded & errors,Suspected minor injury (B),Signal,Not physically divided (two-way trafficway),Single motor vehicle
2014,May,2,5:00 AM - 6:00 AM,Wayne County: Wayne,Intersection crash,Not hit-and-run,Dark lighted,U.S. route,M-12\US-12\US-12BL\US-12BR,45,Uncoded & errors,Suspected minor injury (B),Signal,Not physically divided (two-way trafficway),Single motor vehicle
2014,September,8,5:00 AM - 6:00 AM,Wayne County: Detroit,Intersection crash,Not hit-and-run,Dark lighted,Michigan route,M-8\US-8,40,Uncoded & errors,Suspected minor injury (B),Signal,Not physically divided (two-way trafficway),Other / unknown
2014,March,13,12:00 noon - 1:00 PM,Wayne County: Trenton,Intersection crash,Not hit-and-run,Daylight,"County road, city street, or unknown",Local road or unknown,35,Uncoded & errors,Possible injury (C),Signal,Not physically divided (two-way trafficway),Other / unknown
2014,January,15,9:00 PM - 10:00 PM,Wayne County: Riverview,Not intersection crash,Not hit-and-run,Dark lighted,"County road, city street, or unknown",Local road or unknown,35,Uncoded & errors,Suspected serious injury (A),None,Not physically divided (two-way trafficway),Other / unknown
2014,February,20,3:00 PM - 4:00 PM,Wayne County: Detroit,Not intersection crash,Not hit-and-run,Daylight,"County road, city street, or unknown",Local road or unknown,30,Uncoded & errors,Possible injury (C),None,Not physically divided (two-way trafficway),Single motor vehicle
2014,May,5,10:00 PM - 11:00 PM,Wayne County: Detroit,Not intersection crash,Hit-and-run,Dark lighted,Michigan route,M-102\US-102,30,Uncoded & errors,Suspected serious injury (A),None,"Divided highway, median strip, without traffic barrier",Angle
2014,February,3,8:00 PM - 9:00 PM,Wayne County: Detroit,Intersection crash,Not hit-and-run,Dark lighted,Michigan route,M-85,30,Uncoded & errors,Possible injury (C),Signal,Not physically divided (two-way trafficway),Single motor vehicle
2014,December,25,8:00 PM - 9:00 PM,Wayne County: Detroit,Intersection crash,Hit-and-run,Dark lighted,"County road, city street, or unknown",Local road or unknown,25,Uncoded & errors,Possible injury (C),None,Not physically divided (two-way trafficway),Single motor vehicle
2014,September,6,3:00 PM - 4:00 PM,Wayne County: Harper Woods,Intersection crash,Hit-and-run,Daylight,Interstate route,M-94\I-94\I-94BL\I-94BR,35,Uncoded & errors,Suspected minor injury (B),Signal,Not physically divided (two-way trafficway),Other / unknown
2014,November,23,7:00 PM - 8:00 PM,Wayne County: Detroit,Not intersection crash,Not hit-and-run,Dark unlighted,Michigan route,M-1,35,Uncoded & errors,Possible injury (C),None,Not physically divided (two-way trafficway),Single motor vehicle
2014,May,29,4:00 PM - 5:00 PM,Wayne County: Canton Twp.,Not intersection crash,Not hit-and-run,Daylight,Michigan route,M-153,45,Uncoded & errors,Suspected serious injury (A),Signal,Not physically divided (two-way trafficway),Single motor vehicle
2014,October,17,4:00 PM - 5:00 PM,Wayne County: Highland Park,Intersection crash,Not hit-and-run,Daylight,"County road, city street, or unknown",Local road or unknown,25,Uncoded & errors,Possible injury (C),None,"Divided highway, median strip, without traffic barrier",Single motor vehicle
2014,March,17,11:00 PM - 12:00 midnight,Wayne County: Lincoln Park,Not intersection crash,Not hit-and-run,Dark lighted,"County road, city street, or unknown",Local road or unknown,40,Uncoded & errors,Suspected minor injury (B),Signal,Not physically divided (two-way trafficway),Other / unknown
2014,March,22,3:00 PM - 4:00 PM,Wayne County: Detroit,Not intersection crash,Not hit-and-run,Daylight,"County road, city street, or unknown",Local road or unknown,25,Uncoded & errors,Possible injury (C),None,Not physically divided (two-way trafficway),Single motor vehicle
2014,April,9,3:00 PM - 4:00 PM,Wayne County: Detroit,Not intersection crash,Hit-and-run,Daylight,"County road, city street, or unknown",Local road or unknown,25,Uncoded & errors,Suspected minor injury (B),None,Not physically divided (two-way trafficway),Single motor vehicle
2014,March,7,7:00 PM - 8:00 PM,Wayne County: Detroit,Intersection crash,Hit-and-run,Dark lighted,Michigan route,M-5,45,Uncoded & errors,Suspected serious injury (A),None,"Divided highway, median strip, without traffic barrier",Single motor vehicle
2014,September,22,4:00 PM - 5:00 PM,Wayne County: Detroit,Intersection crash,Hit-and-run,Daylight,"County road, city street, or unknown",Local road or unknown,35,Uncoded & errors,Suspected minor injury (B),Stop sign,Not physically divided (two-way trafficway),Single motor vehicle
2014,February,6,6:00 AM - 7:00 AM,Wayne County: Detroit,Not intersection crash,Not hit-and-run,Dark lighted,Michigan route,M-1,30,Uncoded & errors,Possible injury (C),Signal,Not physically divided (two-way trafficway),Other / unknown
2014,March,3,4:00 PM - 5:00 PM,Wayne County: Detroit,Not intersection crash,Not hit-and-run,Daylight,"County road, city street, or unknown",Local road or unknown,30,Uncoded & errors,Possible injury (C),None,Not physically divided (two-way trafficway),Single motor vehicle
2014,July,17,11:00 PM - 12:00 midnight,Wayne County: Dearborn,Intersection crash,Hit-and-run,Dark lighted,"County road, city street, or unknown",Local road or unknown,25,Uncoded & errors,Suspected minor injury (B),Stop sign,Not physically divided (two-way trafficway),Single motor vehicle
2014,October,9,9:00 AM - 10:00 AM,Wayne County: Detroit,Not intersection crash,Not hit-and-run,Daylight,"County road, city street, or unknown",Local road or unknown,25,Uncoded & errors,No injury (O),None,Not physically divided (two-way trafficway),Rear-end
2014,April,17,4:00 AM - 5:00 AM,Wayne County: Detroit,Not intersection crash,Hit-and-run,Dark lighted,"County road, city street, or unknown",Local road or unknown,35,Uncoded & errors,No injury (O),None,Not physically divided (two-way trafficway),Other / unknown
2014,July,19,4:00 PM - 5:00 PM,Wayne County: Detroit,Not intersection crash,Hit-and-run,Daylight,"County road, city street, or unknown",Local road or unknown,20,Uncoded & errors,Possible injury (C),None,Not physically divided (two-way trafficway),Other / unknown
2014,January,17,7:00 AM - 8:00 AM,Wayne County: Garden City,Not intersection crash,Not hit-and-run,Dark lighted,"County road, city street, or unknown",Local road or unknown,25,Uncoded & errors,Suspected minor injury (B),Stop sign,Not physically divided (two-way trafficway),Other / unknown
2014,November,23,6:00 AM - 7:00 AM,Wayne County: Highland Park,Not intersection crash,Not hit-and-run,Dark lighted,"County road, city street, or unknown",Local road or unknown,35,Uncoded & errors,Possible injury (C),None,Not physically divided (two-way trafficway),Single motor vehicle
2014,February,3,8:00 PM - 9:00 PM,Wayne County: Inkster,Not intersection crash,Not hit-and-run,Dark unlighted,"County road, city street, or unknown",Local road or unknown,35,Uncoded & errors,Suspected serious injury (A),None,Not physically divided (two-way trafficway),Other / unknown
2014,April,19,7:00 PM - 8:00 PM,Wayne County: Detroit,Not intersection crash,Hit-and-run,Daylight,"County road, city street, or unknown",Local road or unknown,25,Uncoded & errors,Possible injury (C),None,Not physically divided (two-way trafficway),Other / unknown
2014,August,3,5:00 AM - 6:00 AM,Wayne County: Detroit,Not intersection crash,Hit-and-run,Dark unlighted,Michigan route,M-10\US-10\US-10BR,55,Uncoded & errors,Possible injury (C),None,"Divided highway, median strip, with traffic barrier",Other / unknown
2014,December,26,7:00 AM - 8:00 AM,Wayne County: Detroit,Intersection crash,Hit-and-run,Dawn,"County road, city street, or unknown",Local road or unknown,25,Uncoded & errors,Suspected minor injury (B),Signal,Not physically divided (two-way trafficway),Other / unknown
2014,November,10,7:00 AM - 8:00 AM,Wayne County: Detroit,Intersection crash,Not hit-and-run,Daylight,"County road, city street, or unknown",Local road or unknown,30,Uncoded & errors,Suspected minor injury (B),None,Not physically divided (two-way trafficway),Single motor vehicle
2014,September,4,10:00 PM - 11:00 PM,Wayne County: Detroit,Intersection crash,Not hit-and-run,Dark lighted,Michigan route,M-53,30,Uncoded & errors,Suspected serious injury (A),Signal,Not physically divided (two-way trafficway),Other / unknown
2014,August,21,7:00 AM - 8:00 AM,Wayne County: Wyandotte,Intersection crash,Not hit-and-run,Dawn,"County road, city street, or unknown",Local road or unknown,5,Uncoded & errors,Possible injury (C),Stop sign,Not physically divided (two-way trafficway),Single motor vehicle
2014,June,4,2:00 AM - 3:00 AM,Wayne County: Detroit,Not intersection crash,Not hit-and-run,Dark unlighted,"County road, city street, or unknown",Local road or unknown,25,Uncoded & errors,Suspected minor injury (B),None,Not physically divided (two-way trafficway),Rear-end
2014,July,22,12:00 midnight - 1:00 AM,Wayne County: Detroit,Not intersection crash,Not hit-and-run,Dark unlighted,"County road, city street, or unknown",Local road or unknown,30,Uncoded & errors,Possible injury (C),None,"Divided highway, median strip, with traffic barrier",Other / unknown
2014,September,29,2:00 AM - 3:00 AM,Wayne County: Detroit,Intersection crash,Hit-and-run,Dark lighted,"County road, city street, or unknown",Local road or unknown,30,Uncoded & errors,Suspected minor injury (B),Signal,Not physically divided (two-way trafficway),Single motor vehicle
2014,January,31,6:00 PM - 7:00 PM,Wayne County: Detroit,Intersection crash,Hit-and-run,Dark lighted,"County road, city street, or unknown",Local road or unknown,25,Uncoded & errors,Suspected minor injury (B),None,Not physically divided (two-way trafficway),Other / unknown
2014,November,30,5:00 PM - 6:00 PM,Wayne County: Romulus,Not intersection crash,Not hit-and-run,Dark lighted,"County road, city street, or unknown",Local road or unknown,25,Uncoded & errors,No injury (O),None,One-way trafficway,Single motor vehicle
2014,February,13,8:00 PM - 9:00 PM,Wayne County: Dearborn Heights,Not intersection crash,Not hit-and-run,Dark lighted,"County road, city street, or unknown",Local road or unknown,40,Uncoded & errors,Possible injury (C),None,Not physically divided (two-way trafficway),Other / unknown
2014,October,17,4:00 PM - 5:00 PM,Wayne County: Grosse Pointe Farms,Intersection crash,Not hit-and-run,Daylight,"County road, city street, or unknown",Local road or unknown,35,Uncoded & errors,No injury (O),Signal,"Divided highway, median strip, without traffic barrier",Other / unknown
2014,April,29,12:00 noon - 1:00 PM,Wayne County: Detroit,Not intersection crash,Hit-and-run,Daylight,"County road, city street, or unknown",Local road or unknown,30,Uncoded & errors,Possible injury (C),None,Not physically divided (two-way trafficway),Single motor vehicle